mysql> -- Q1:Lav en liste over navnene på de både, som er anløbet Ballen i september måned. Navnet "Ballen" må hardkodes i forespørgslen, men ikke dens id (5).
mysql>  select b.navn
    ->  from baad as b
    ->  join sejltur as s on b.baad_id = s.baad_id
    ->  join havn as h on s.til_havn = h.havn_id
    ->  where h.navn = 'Ballen';
+--------+
| navn   |
+--------+
| Fremad |
+--------+
1 row in set (0.00 sec)

mysql>  
mysql>  -- Q2:Vis navnene på de bådejere som ikke har været ude at sejle.
mysql>  select be.navn
    ->  from baadejer as be
    ->  join baad as b on b.baadejer_id = be.baadejer_id
    ->  where b.baad_id not in (select baad_id from sejltur); 
+------+
| navn |
+------+
| Test |
+------+
1 row in set (0.00 sec)

mysql>  
mysql>  -- Q3:Udskriv navnet på den havn, som har flest hjemmehørende både.
mysql>  SELECT h.navn
    ->  FROM havn as h
    ->  JOIN baad as b ON h.havn_id = b.hjemme_havn
    ->  GROUP BY h.havn_id, h.navn
    ->  ORDER BY COUNT(b.hjemme_havn) DESC
    ->  LIMIT 1;
+---------------+
| navn          |
+---------------+
| Ærøskøbing    |
+---------------+
1 row in set (0.00 sec)

mysql>  
mysql>  -- Q4: Lav en oversigt over samtlige sejladser indeholdende bådens navn, dato, varighed, navnet på fra-havnen og navnet på til-havnen. Det er tilladt at hardkode antallet af rækker i sejltur-tabellen i forespørgslen.
mysql>  select b.navn 'Båd navn', s.dato 'Dato', s.varighed 'Varighed', hf.navn 'Fra havn', ht.navn 'Til havn'
    ->  from sejltur as s
    ->  join baad as b on s.baad_id = b.baad_id
    ->  join havn as hf on s.fra_havn = hf.havn_id
    ->  join havn as ht on s.til_havn = ht.havn_id
    ->  order by s.dato desc;
+--------------+------------+----------+---------------+---------------+
| Båd navn     | Dato       | Varighed | Fra havn      | Til havn      |
+--------------+------------+----------+---------------+---------------+
| Aage Måge    | 2021-08-09 |        3 | Svendborg     | Faaborg       |
| Neptun       | 2021-07-14 |        9 | Langør        | Søby          |
| Jenny        | 2021-07-12 |        3 | Ærøskøbing    | Faaborg       |
| Marianne     | 2021-07-03 |        8 | Faaborg       | Bogense       |
| Havlit       | 2021-07-02 |        3 | Marstal       | Faaborg       |
| Lydia        | 2021-06-19 |        5 | Bogense       | Faaborg       |
| Aage Måge    | 2021-04-18 |        6 | Bogense       | Kerteminde    |
| Elviras fryd | 2020-09-23 |        4 | Langør        | Bogense       |
| Elviras fryd | 2020-08-01 |        6 | Langør        | Svendborg     |
| Sgt. Pepper  | 2020-05-16 |        5 | Svendborg     | Kerteminde    |
| Jenny        | 2020-04-23 |        4 | Faaborg       | Bogense       |
| Leonora      | 2020-04-12 |        2 | Ærøskøbing    | Svendborg     |
| Havlit       | 2019-06-18 |        8 | Faaborg       | Sælvig        |
| Marianne     | 2018-10-23 |        1 | Marstal       | Ærøskøbing    |
| Fremad       | 2017-09-24 |        4 | Sælvig        | Ballen        |
+--------------+------------+----------+---------------+---------------+
15 rows in set (0.00 sec)

mysql>  
mysql>  -- Q5:Lav en liste over navnene samtlige områder med angivelse af antal have pr område.
mysql>  select o.navn 'Område Navn', count(h.omraade_id) 'Antal havne'
    ->  from omraade as o
    ->  join havn as h on o.omraade_id = h.omraade_id
    ->  group by o.navn;
+--------------+-------------+
| Område Navn  | Antal havne |
+--------------+-------------+
| Fyn          |           4 |
| Samsø        |           3 |
| Ærø          |           3 |
+--------------+-------------+
3 rows in set (0.00 sec)

mysql>  \t
